motif_DB	motif_ID	motif_ALT_ID	seq_ID	seq_Score	seq_Class	is_holdout?
motif.html	1-GAAGAAAATGAAGAW	STREME-1	Pf3D7_11_v3:1056012-1056512	20.54	fp	0
motif.html	1-GAAGAAAATGAAGAW	STREME-1	Pf3D7_12_v3:1247595-1248095	20.27	tp	0
motif.html	1-GAAGAAAATGAAGAW	STREME-1	Pf3D7_08_v3:67281-67781	20.22	fp	0
motif.html	1-GAAGAAAATGAAGAW	STREME-1	Pf3D7_01_v3:487688-488188	20.13	tp	1
motif.html	1-GAAGAAAATGAAGAW	STREME-1	Pf3D7_08_v3:657018-657518	20.02	tp	0
motif.html	1-GAAGAAAATGAAGAW	STREME-1	Pf3D7_06_v3:439875-440375	19.78	tp	0
motif.html	1-GAAGAAAATGAAGAW	STREME-1	Pf3D7_11_v3:192791-193291	19.76	tp	0
motif.html	1-GAAGAAAATGAAGAW	STREME-1	Pf3D7_06_v3:135656-136156	19.76	tp	0
motif.html	1-GAAGAAAATGAAGAW	STREME-1	Pf3D7_13_v3:1113452-1113952	19.76	tp	0
motif.html	1-GAAGAAAATGAAGAW	STREME-1	Pf3D7_12_v3:595775-596275	19.76	fp	0
motif.html	1-GAAGAAAATGAAGAW	STREME-1	Pf3D7_11_v3:893712-894212	19.76	fp	0
motif.html	1-GAAGAAAATGAAGAW	STREME-1	Pf3D7_02_v3:516200-516700	19.74	fp	0
motif.html	1-GAAGAAAATGAAGAW	STREME-1	Pf3D7_02_v3:420873-421373	19.74	fp	0
motif.html	1-GAAGAAAATGAAGAW	STREME-1	Pf3D7_14_v3:1167361-1167861	19.71	fp	0
motif.html	1-GAAGAAAATGAAGAW	STREME-1	Pf3D7_05_v3:664195-664695	19.54	tp	0
motif.html	1-GAAGAAAATGAAGAW	STREME-1	Pf3D7_09_v3:1045727-1046227	19.54	tp	0
motif.html	1-GAAGAAAATGAAGAW	STREME-1	Pf3D7_13_v3:1513419-1513919	19.54	tp	0
motif.html	1-GAAGAAAATGAAGAW	STREME-1	Pf3D7_14_v3:1312254-1312754	19.54	tp	0
motif.html	1-GAAGAAAATGAAGAW	STREME-1	Pf3D7_11_v3:1775401-1775901	19.54	tp	0
motif.html	1-GAAGAAAATGAAGAW	STREME-1	Pf3D7_14_v3:1673585-1674085	19.51	tp	0
motif.html	1-GAAGAAAATGAAGAW	STREME-1	Pf3D7_13_v3:82902-83402	19.51	tp	0
motif.html	1-GAAGAAAATGAAGAW	STREME-1	Pf3D7_05_v3:374110-374610	19.51	fp	0
motif.html	1-GAAGAAAATGAAGAW	STREME-1	Pf3D7_03_v3:262083-262583	19.51	fp	0
motif.html	1-GAAGAAAATGAAGAW	STREME-1	Pf3D7_04_v3:1016979-1017479	19.51	fp	0
motif.html	1-GAAGAAAATGAAGAW	STREME-1	Pf3D7_01_v3:102011-102511	19.50	tp	0
motif.html	1-GAAGAAAATGAAGAW	STREME-1	Pf3D7_11_v3:1979630-1980130	19.50	fp	0
motif.html	1-GAAGAAAATGAAGAW	STREME-1	Pf3D7_02_v3:797183-797683	19.50	fp	1
motif.html	1-GAAGAAAATGAAGAW	STREME-1	Pf3D7_05_v3:245726-246226	19.36	fp	0
motif.html	1-GAAGAAAATGAAGAW	STREME-1	Pf3D7_11_v3:1601102-1601602	19.29	tp	0
motif.html	1-GAAGAAAATGAAGAW	STREME-1	Pf3D7_10_v3:543289-543789	19.29	tp	0
motif.html	1-GAAGAAAATGAAGAW	STREME-1	Pf3D7_13_v3:1401432-1401932	19.29	tp	0
motif.html	1-GAAGAAAATGAAGAW	STREME-1	Pf3D7_12_v3:942247-942747	19.29	tp	0
motif.html	1-GAAGAAAATGAAGAW	STREME-1	Pf3D7_14_v3:3134382-3134882	19.29	fp	0
motif.html	1-GAAGAAAATGAAGAW	STREME-1	Pf3D7_14_v3:2934471-2934971	19.29	fp	0
motif.html	1-GAAGAAAATGAAGAW	STREME-1	Pf3D7_14_v3:1121136-1121636	19.29	fp	0
motif.html	1-GAAGAAAATGAAGAW	STREME-1	Pf3D7_06_v3:590579-591079	19.15	fp	1
motif.html	1-GAAGAAAATGAAGAW	STREME-1	Pf3D7_08_v3:526111-526611	19.14	tp	0
motif.html	1-GAAGAAAATGAAGAW	STREME-1	Pf3D7_11_v3:203382-203882	19.10	tp	0
motif.html	1-GAAGAAAATGAAGAW	STREME-1	Pf3D7_01_v3:152351-152851	18.99	fp	0
motif.html	1-GAAGAAAATGAAGAW	STREME-1	Pf3D7_14_v3:1481473-1481973	18.94	fp	0
motif.html	1-GAAGAAAATGAAGAW	STREME-1	Pf3D7_05_v3:120930-121430	18.88	tp	0
motif.html	1-GAAGAAAATGAAGAW	STREME-1	Pf3D7_09_v3:1007905-1008405	18.88	fp	0
motif.html	1-GAAGAAAATGAAGAW	STREME-1	Pf3D7_14_v3:694417-694917	18.88	fp	0
motif.html	1-GAAGAAAATGAAGAW	STREME-1	Pf3D7_11_v3:1792258-1792758	18.86	tp	0
motif.html	1-GAAGAAAATGAAGAW	STREME-1	Pf3D7_05_v3:509263-509763	18.85	tp	0
motif.html	1-GAAGAAAATGAAGAW	STREME-1	Pf3D7_06_v3:967312-967812	18.75	tp	0
motif.html	1-GAAGAAAATGAAGAW	STREME-1	Pf3D7_12_v3:1328135-1328635	18.63	tp	0
motif.html	1-GAAGAAAATGAAGAW	STREME-1	Pf3D7_13_v3:1831907-1832407	18.63	tp	0
motif.html	1-GAAGAAAATGAAGAW	STREME-1	Pf3D7_08_v3:1200466-1200966	18.63	fp	0
motif.html	1-GAAGAAAATGAAGAW	STREME-1	Pf3D7_14_v3:820253-820753	18.63	tp	1
motif.html	1-GAAGAAAATGAAGAW	STREME-1	Pf3D7_04_v3:235520-236020	18.35	tp	0
motif.html	1-GAAGAAAATGAAGAW	STREME-1	Pf3D7_06_v3:517795-518295	18.35	tp	0
motif.html	1-GAAGAAAATGAAGAW	STREME-1	Pf3D7_08_v3:1123889-1124389	18.35	tp	0
motif.html	1-GAAGAAAATGAAGAW	STREME-1	Pf3D7_13_v3:2592646-2593146	18.35	fp	0
motif.html	1-GAAGAAAATGAAGAW	STREME-1	Pf3D7_12_v3:1773029-1773529	18.30	fp	0
motif.html	1-GAAGAAAATGAAGAW	STREME-1	Pf3D7_14_v3:2593413-2593913	18.27	fp	0
motif.html	1-GAAGAAAATGAAGAW	STREME-1	Pf3D7_11_v3:1689522-1690022	18.17	tp	0
motif.html	1-GAAGAAAATGAAGAW	STREME-1	Pf3D7_10_v3:176049-176549	18.15	tp	0
motif.html	1-GAAGAAAATGAAGAW	STREME-1	Pf3D7_14_v3:1934722-1935222	18.13	tp	0
motif.html	1-GAAGAAAATGAAGAW	STREME-1	Pf3D7_11_v3:1283550-1284050	18.10	fp	0
motif.html	1-GAAGAAAATGAAGAW	STREME-1	Pf3D7_02_v3:122196-122696	17.97	tp	0
motif.html	1-GAAGAAAATGAAGAW	STREME-1	Pf3D7_13_v3:516910-517410	17.92	fp	1
motif.html	1-GAAGAAAATGAAGAW	STREME-1	Pf3D7_12_v3:639638-640138	17.86	fp	0
motif.html	1-GAAGAAAATGAAGAW	STREME-1	Pf3D7_13_v3:1667507-1668007	17.85	tp	0
motif.html	1-GAAGAAAATGAAGAW	STREME-1	Pf3D7_13_v3:1000683-1001183	17.77	fp	0
motif.html	1-GAAGAAAATGAAGAW	STREME-1	Pf3D7_06_v3:460027-460527	17.62	tp	0
motif.html	1-GAAGAAAATGAAGAW	STREME-1	Pf3D7_06_v3:649801-650301	17.61	tp	0
motif.html	1-GAAGAAAATGAAGAW	STREME-1	Pf3D7_04_v3:881431-881931	17.61	tp	0
motif.html	1-GAAGAAAATGAAGAW	STREME-1	Pf3D7_10_v3:1135018-1135518	17.61	tp	0
motif.html	1-GAAGAAAATGAAGAW	STREME-1	Pf3D7_07_v3:339364-339864	17.61	tp	0
motif.html	1-GAAGAAAATGAAGAW	STREME-1	Pf3D7_14_v3:1235231-1235731	17.61	fp	0
motif.html	1-GAAGAAAATGAAGAW	STREME-1	Pf3D7_14_v3:887032-887532	17.59	fp	0
motif.html	1-GAAGAAAATGAAGAW	STREME-1	Pf3D7_03_v3:345915-346415	17.56	tp	0
motif.html	1-GAAGAAAATGAAGAW	STREME-1	Pf3D7_01_v3:338049-338549	17.51	tp	0
motif.html	1-GAAGAAAATGAAGAW	STREME-1	Pf3D7_01_v3:355203-355703	17.51	tp	0
motif.html	1-GAAGAAAATGAAGAW	STREME-1	Pf3D7_10_v3:998501-999001	17.49	tp	0
motif.html	1-GAAGAAAATGAAGAW	STREME-1	Pf3D7_09_v3:482830-483330	17.49	tp	0
motif.html	1-GAAGAAAATGAAGAW	STREME-1	Pf3D7_02_v3:229509-230009	17.49	tp	0
motif.html	1-GAAGAAAATGAAGAW	STREME-1	Pf3D7_12_v3:515014-515514	17.49	tp	0
motif.html	1-GAAGAAAATGAAGAW	STREME-1	Pf3D7_14_v3:219512-220012	17.47	tp	0
motif.html	1-GAAGAAAATGAAGAW	STREME-1	Pf3D7_09_v3:1137390-1137890	17.47	tp	0
motif.html	1-GAAGAAAATGAAGAW	STREME-1	Pf3D7_14_v3:2070329-2070829	17.44	tp	1
motif.html	1-GAAGAAAATGAAGAW	STREME-1	Pf3D7_11_v3:1672276-1672776	17.40	fp	1
motif.html	1-GAAGAAAATGAAGAW	STREME-1	Pf3D7_10_v3:568507-569007	17.26	tp	0
motif.html	1-GAAGAAAATGAAGAW	STREME-1	Pf3D7_09_v3:1256005-1256505	17.26	tp	0
motif.html	1-GAAGAAAATGAAGAW	STREME-1	Pf3D7_12_v3:1470598-1471098	17.26	tp	0
motif.html	1-GAAGAAAATGAAGAW	STREME-1	Pf3D7_13_v3:934895-935395	17.26	tp	0
motif.html	1-GAAGAAAATGAAGAW	STREME-1	Pf3D7_10_v3:796500-797000	17.26	fp	0
motif.html	1-GAAGAAAATGAAGAW	STREME-1	Pf3D7_08_v3:1329750-1330250	17.26	fp	0
motif.html	1-GAAGAAAATGAAGAW	STREME-1	Pf3D7_14_v3:3015551-3016051	17.26	tp	1
motif.html	1-GAAGAAAATGAAGAW	STREME-1	Pf3D7_12_v3:821871-822371	17.26	fp	1
motif.html	1-GAAGAAAATGAAGAW	STREME-1	Pf3D7_05_v3:1143766-1144266	17.23	fp	1
motif.html	1-GAAGAAAATGAAGAW	STREME-1	Pf3D7_04_v3:538124-538624	17.21	tp	0
motif.html	1-GAAGAAAATGAAGAW	STREME-1	Pf3D7_11_v3:1845524-1846024	17.18	tp	0
motif.html	1-GAAGAAAATGAAGAW	STREME-1	Pf3D7_07_v3:1068465-1068965	17.17	fp	0
motif.html	1-GAAGAAAATGAAGAW	STREME-1	Pf3D7_05_v3:346405-346905	17.17	fp	0
motif.html	1-GAAGAAAATGAAGAW	STREME-1	Pf3D7_13_v3:2306187-2306687	17.11	tp	0
motif.html	1-GAAGAAAATGAAGAW	STREME-1	Pf3D7_05_v3:822297-822797	17.07	tp	0
motif.html	1-GAAGAAAATGAAGAW	STREME-1	Pf3D7_13_v3:1406791-1407291	17.07	tp	0
motif.html	1-GAAGAAAATGAAGAW	STREME-1	Pf3D7_13_v3:2278464-2278964	17.05	fp	0
motif.html	1-GAAGAAAATGAAGAW	STREME-1	Pf3D7_12_v3:747765-748265	17.04	tp	0
motif.html	1-GAAGAAAATGAAGAW	STREME-1	Pf3D7_09_v3:192099-192599	17.03	tp	0
motif.html	1-GAAGAAAATGAAGAW	STREME-1	Pf3D7_12_v3:77210-77710	17.03	tp	0
motif.html	1-GAAGAAAATGAAGAW	STREME-1	Pf3D7_13_v3:532486-532986	17.03	fp	0
motif.html	1-GAAGAAAATGAAGAW	STREME-1	Pf3D7_10_v3:1047432-1047932	17.03	fp	0
motif.html	1-GAAGAAAATGAAGAW	STREME-1	Pf3D7_11_v3:849481-849981	17.03	fp	0
motif.html	1-GAAGAAAATGAAGAW	STREME-1	Pf3D7_14_v3:965482-965982	16.97	fp	0
motif.html	1-GAAGAAAATGAAGAW	STREME-1	Pf3D7_10_v3:1430029-1430529	16.97	fp	0
motif.html	1-GAAGAAAATGAAGAW	STREME-1	Pf3D7_14_v3:1401936-1402436	16.97	fp	0
motif.html	1-GAAGAAAATGAAGAW	STREME-1	Pf3D7_13_v3:1939911-1940411	16.93	fp	0
motif.html	1-GAAGAAAATGAAGAW	STREME-1	Pf3D7_06_v3:1091758-1092258	16.91	tp	0
motif.html	1-GAAGAAAATGAAGAW	STREME-1	Pf3D7_03_v3:269243-269743	16.91	fp	0
motif.html	1-GAAGAAAATGAAGAW	STREME-1	Pf3D7_11_v3:1286075-1286575	16.90	tp	0
motif.html	1-GAAGAAAATGAAGAW	STREME-1	Pf3D7_11_v3:1273706-1274206	16.90	tp	0
motif.html	1-GAAGAAAATGAAGAW	STREME-1	Pf3D7_07_v3:1072248-1072748	16.88	tp	0
motif.html	1-GAAGAAAATGAAGAW	STREME-1	Pf3D7_01_v3:545220-545720	16.88	fp	0
motif.html	1-GAAGAAAATGAAGAW	STREME-1	Pf3D7_10_v3:354057-354557	16.71	fp	0
motif.html	1-GAAGAAAATGAAGAW	STREME-1	Pf3D7_13_v3:2110999-2111499	16.68	fp	0
motif.html	1-GAAGAAAATGAAGAW	STREME-1	Pf3D7_09_v3:926570-927070	16.62	fp	0
motif.html	1-GAAGAAAATGAAGAW	STREME-1	Pf3D7_14_v3:1305560-1306060	16.60	fp	0
motif.html	1-GAAGAAAATGAAGAW	STREME-1	Pf3D7_14_v3:1053052-1053552	16.55	fp	1
motif.html	1-GAAGAAAATGAAGAW	STREME-1	Pf3D7_14_v3:1379039-1379539	16.46	fp	0
motif.html	1-GAAGAAAATGAAGAW	STREME-1	Pf3D7_05_v3:721959-722459	16.37	tp	0
motif.html	1-GAAGAAAATGAAGAW	STREME-1	Pf3D7_13_v3:731857-732357	16.37	fp	0
motif.html	1-GAAGAAAATGAAGAW	STREME-1	Pf3D7_14_v3:1093244-1093744	16.37	fp	0
motif.html	1-GAAGAAAATGAAGAW	STREME-1	Pf3D7_14_v3:1770375-1770875	16.30	tp	0
motif.html	1-GAAGAAAATGAAGAW	STREME-1	Pf3D7_13_v3:1419630-1420130	16.30	fp	0
motif.html	1-GAAGAAAATGAAGAW	STREME-1	Pf3D7_03_v3:920337-920837	16.30	fp	0
motif.html	1-GAAGAAAATGAAGAW	STREME-1	Pf3D7_09_v3:332404-332904	16.29	fp	0
motif.html	1-GAAGAAAATGAAGAW	STREME-1	Pf3D7_14_v3:1387712-1388212	16.29	fp	0
motif.html	1-GAAGAAAATGAAGAW	STREME-1	Pf3D7_07_v3:1252909-1253409	16.29	tp	0
motif.html	1-GAAGAAAATGAAGAW	STREME-1	Pf3D7_09_v3:119022-119522	16.29	tp	1
motif.html	1-GAAGAAAATGAAGAW	STREME-1	Pf3D7_03_v3:186821-187321	16.27	fp	0
motif.html	1-GAAGAAAATGAAGAW	STREME-1	Pf3D7_14_v3:178250-178750	16.25	fp	0
motif.html	1-GAAGAAAATGAAGAW	STREME-1	Pf3D7_10_v3:1099137-1099637	16.25	fp	0
motif.html	1-GAAGAAAATGAAGAW	STREME-1	Pf3D7_12_v3:1785541-1786041	16.20	fp	0
motif.html	1-GAAGAAAATGAAGAW	STREME-1	Pf3D7_10_v3:504355-504855	16.20	fp	0
motif.html	1-GAAGAAAATGAAGAW	STREME-1	Pf3D7_11_v3:577374-577874	16.20	fp	0
motif.html	1-GAAGAAAATGAAGAW	STREME-1	Pf3D7_13_v3:200446-200946	16.17	tp	0
motif.html	1-GAAGAAAATGAAGAW	STREME-1	Pf3D7_07_v3:1234469-1234969	16.15	fp	0
motif.html	1-GAAGAAAATGAAGAW	STREME-1	Pf3D7_05_v3:1191234-1191734	16.15	fp	0
motif.html	1-GAAGAAAATGAAGAW	STREME-1	Pf3D7_04_v3:714717-715217	16.10	fp	0
motif.html	1-GAAGAAAATGAAGAW	STREME-1	Pf3D7_09_v3:1225743-1226243	16.10	fp	1
motif.html	1-GAAGAAAATGAAGAW	STREME-1	Pf3D7_14_v3:302664-303164	16.08	fp	0
motif.html	1-GAAGAAAATGAAGAW	STREME-1	Pf3D7_08_v3:894018-894518	16.07	tp	0
motif.html	1-GAAGAAAATGAAGAW	STREME-1	Pf3D7_14_v3:743914-744414	16.07	fp	0
motif.html	1-GAAGAAAATGAAGAW	STREME-1	Pf3D7_13_v3:1382999-1383499	16.05	fp	0
motif.html	1-GAAGAAAATGAAGAW	STREME-1	Pf3D7_05_v3:732522-733022	16.05	tp	0
motif.html	1-GAAGAAAATGAAGAW	STREME-1	Pf3D7_09_v3:1370815-1371315	16.05	tp	0
motif.html	1-GAAGAAAATGAAGAW	STREME-1	Pf3D7_10_v3:1276003-1276503	16.05	fp	0
motif.html	1-GAAGAAAATGAAGAW	STREME-1	Pf3D7_03_v3:551898-552398	16.04	fp	0
motif.html	1-GAAGAAAATGAAGAW	STREME-1	Pf3D7_11_v3:1078456-1078956	15.98	fp	0
motif.html	1-GAAGAAAATGAAGAW	STREME-1	Pf3D7_12_v3:1037596-1038096	15.96	fp	0
motif.html	1-GAAGAAAATGAAGAW	STREME-1	Pf3D7_03_v3:699479-699979	15.87	tp	0
motif.html	1-GAAGAAAATGAAGAW	STREME-1	Pf3D7_08_v3:254055-254555	15.84	fp	0
motif.html	1-GAAGAAAATGAAGAW	STREME-1	Pf3D7_12_v3:1188269-1188769	15.81	fp	0
motif.html	1-GAAGAAAATGAAGAW	STREME-1	Pf3D7_04_v3:871672-872172	15.75	fp	0
motif.html	1-GAAGAAAATGAAGAW	STREME-1	Pf3D7_13_v3:1849774-1850274	15.71	tp	0
motif.html	1-GAAGAAAATGAAGAW	STREME-1	Pf3D7_12_v3:1936362-1936862	15.71	fp	0
motif.html	1-GAAGAAAATGAAGAW	STREME-1	Pf3D7_05_v3:889362-889862	15.69	tp	0
motif.html	1-GAAGAAAATGAAGAW	STREME-1	Pf3D7_12_v3:1782206-1782706	15.69	fp	0
motif.html	1-GAAGAAAATGAAGAW	STREME-1	Pf3D7_02_v3:416111-416611	15.69	fp	0
motif.html	1-GAAGAAAATGAAGAW	STREME-1	Pf3D7_05_v3:1118498-1118998	15.68	tp	0
motif.html	1-GAAGAAAATGAAGAW	STREME-1	Pf3D7_06_v3:700672-701172	15.68	fp	0
motif.html	1-GAAGAAAATGAAGAW	STREME-1	Pf3D7_13_v3:1130381-1130881	15.68	fp	0
motif.html	1-GAAGAAAATGAAGAW	STREME-1	Pf3D7_03_v3:573439-573939	15.68	fp	0
motif.html	1-GAAGAAAATGAAGAW	STREME-1	Pf3D7_11_v3:735711-736211	15.68	fp	0
motif.html	1-GAAGAAAATGAAGAW	STREME-1	Pf3D7_08_v3:941505-942005	15.68	fp	0
motif.html	1-GAAGAAAATGAAGAW	STREME-1	Pf3D7_14_v3:1057751-1058251	15.68	fp	0
motif.html	1-GAAGAAAATGAAGAW	STREME-1	Pf3D7_09_v3:1219752-1220252	15.68	fp	0
motif.html	1-GAAGAAAATGAAGAW	STREME-1	Pf3D7_13_v3:1015567-1016067	15.68	fp	0
motif.html	1-GAAGAAAATGAAGAW	STREME-1	Pf3D7_13_v3:1593378-1593878	15.68	fp	0
motif.html	1-GAAGAAAATGAAGAW	STREME-1	Pf3D7_07_v3:1015650-1016150	15.68	fp	0
motif.html	1-GAAGAAAATGAAGAW	STREME-1	Pf3D7_11_v3:551444-551944	15.68	fp	0
motif.html	1-GAAGAAAATGAAGAW	STREME-1	Pf3D7_11_v3:1205640-1206140	15.68	fp	0
motif.html	1-GAAGAAAATGAAGAW	STREME-1	Pf3D7_06_v3:927297-927797	15.68	fp	0
motif.html	1-GAAGAAAATGAAGAW	STREME-1	Pf3D7_12_v3:1160510-1161010	15.68	fp	0
motif.html	1-GAAGAAAATGAAGAW	STREME-1	Pf3D7_13_v3:2165315-2165815	15.66	fp	0
motif.html	1-GAAGAAAATGAAGAW	STREME-1	Pf3D7_12_v3:1033347-1033847	15.63	fp	0
motif.html	1-GAAGAAAATGAAGAW	STREME-1	Pf3D7_10_v3:436603-437103	15.63	fp	0
motif.html	1-GAAGAAAATGAAGAW	STREME-1	Pf3D7_08_v3:795612-796112	15.63	fp	0
motif.html	1-GAAGAAAATGAAGAW	STREME-1	Pf3D7_04_v3:1051699-1052199	15.63	fp	0
motif.html	1-GAAGAAAATGAAGAW	STREME-1	Pf3D7_12_v3:1834824-1835324	15.63	fp	1
motif.html	1-GAAGAAAATGAAGAW	STREME-1	Pf3D7_06_v3:498065-498565	15.63	fp	1
motif.html	1-GAAGAAAATGAAGAW	STREME-1	Pf3D7_06_v3:384235-384735	15.60	fp	0
motif.html	1-GAAGAAAATGAAGAW	STREME-1	Pf3D7_14_v3:960451-960951	15.52	fp	0
motif.html	1-GAAGAAAATGAAGAW	STREME-1	Pf3D7_07_v3:946401-946901	15.49	tp	0
motif.html	1-GAAGAAAATGAAGAW	STREME-1	Pf3D7_04_v3:437674-438174	15.47	fp	0
motif.html	1-GAAGAAAATGAAGAW	STREME-1	Pf3D7_14_v3:1858913-1859413	15.46	fp	0
motif.html	1-GAAGAAAATGAAGAW	STREME-1	Pf3D7_14_v3:2371167-2371667	15.46	fp	0
motif.html	1-GAAGAAAATGAAGAW	STREME-1	Pf3D7_13_v3:406161-406661	15.46	fp	0
motif.html	1-GAAGAAAATGAAGAW	STREME-1	Pf3D7_13_v3:2223931-2224431	15.38	fp	0
motif.html	1-GAAGAAAATGAAGAW	STREME-1	Pf3D7_10_v3:739502-740002	15.36	tp	0
motif.html	1-GAAGAAAATGAAGAW	STREME-1	Pf3D7_03_v3:842523-843023	15.36	tp	1
motif.html	1-GAAGAAAATGAAGAW	STREME-1	Pf3D7_14_v3:273691-274191	15.36	tp	1
motif.html	1-GAAGAAAATGAAGAW	STREME-1	Pf3D7_05_v3:134709-135209	15.36	fp	0
motif.html	1-GAAGAAAATGAAGAW	STREME-1	Pf3D7_02_v3:757973-758473	15.34	tp	0
motif.html	1-GAAGAAAATGAAGAW	STREME-1	Pf3D7_09_v3:348693-349193	15.33	fp	0
motif.html	1-GAAGAAAATGAAGAW	STREME-1	Pf3D7_08_v3:648534-649034	15.33	fp	0
motif.html	1-GAAGAAAATGAAGAW	STREME-1	Pf3D7_05_v3:340613-341113	15.33	fp	0
motif.html	1-GAAGAAAATGAAGAW	STREME-1	Pf3D7_08_v3:1105849-1106349	15.33	fp	0
motif.html	1-GAAGAAAATGAAGAW	STREME-1	Pf3D7_11_v3:1682304-1682804	15.33	fp	0
motif.html	1-GAAGAAAATGAAGAW	STREME-1	Pf3D7_05_v3:228682-229182	15.29	tp	0
motif.html	1-GAAGAAAATGAAGAW	STREME-1	Pf3D7_04_v3:206250-206750	15.28	fp	0
motif.html	1-GAAGAAAATGAAGAW	STREME-1	Pf3D7_07_v3:1308095-1308595	15.25	fp	0
motif.html	1-GAAGAAAATGAAGAW	STREME-1	Pf3D7_06_v3:387001-387501	15.25	fp	0
motif.html	1-GAAGAAAATGAAGAW	STREME-1	Pf3D7_08_v3:1281597-1282097	15.24	fp	0
motif.html	1-GAAGAAAATGAAGAW	STREME-1	Pf3D7_09_v3:471968-472468	15.19	fp	0
motif.html	1-GAAGAAAATGAAGAW	STREME-1	Pf3D7_09_v3:1250772-1251272	15.19	fp	0
motif.html	1-GAAGAAAATGAAGAW	STREME-1	Pf3D7_07_v3:893862-894362	15.18	tp	0
motif.html	1-GAAGAAAATGAAGAW	STREME-1	Pf3D7_10_v3:1035407-1035907	15.15	tp	0
motif.html	1-GAAGAAAATGAAGAW	STREME-1	Pf3D7_14_v3:2786165-2786665	15.12	tp	0
motif.html	1-GAAGAAAATGAAGAW	STREME-1	Pf3D7_01_v3:508294-508794	15.10	fp	0
motif.html	1-GAAGAAAATGAAGAW	STREME-1	Pf3D7_11_v3:477585-478085	15.03	fp	0
motif.html	1-GAAGAAAATGAAGAW	STREME-1	Pf3D7_10_v3:1195541-1196041	14.98	fp	0
motif.html	1-GAAGAAAATGAAGAW	STREME-1	Pf3D7_06_v3:1007118-1007618	14.96	fp	0
motif.html	1-GAAGAAAATGAAGAW	STREME-1	Pf3D7_10_v3:458677-459177	14.93	fp	0
motif.html	1-GAAGAAAATGAAGAW	STREME-1	Pf3D7_10_v3:1443022-1443522	14.93	tp	0
motif.html	1-GAAGAAAATGAAGAW	STREME-1	Pf3D7_11_v3:1194609-1195109	14.91	tp	0
motif.html	1-GAAGAAAATGAAGAW	STREME-1	Pf3D7_09_v3:896527-897027	14.83	tp	0
motif.html	1-GAAGAAAATGAAGAW	STREME-1	Pf3D7_12_v3:1996997-1997497	14.75	tp	0
motif.html	1-GAAGAAAATGAAGAW	STREME-1	Pf3D7_03_v3:547411-547911	14.73	tp	0
motif.html	1-GAAGAAAATGAAGAW	STREME-1	Pf3D7_05_v3:154585-155085	14.69	fp	0
motif.html	1-GAAGAAAATGAAGAW	STREME-1	Pf3D7_13_v3:1482233-1482733	14.67	fp	0
motif.html	1-GAAGAAAATGAAGAW	STREME-1	Pf3D7_13_v3:2645167-2645667	14.67	fp	0
motif.html	1-GAAGAAAATGAAGAW	STREME-1	Pf3D7_13_v3:2103787-2104287	14.65	tp	0
motif.html	1-GAAGAAAATGAAGAW	STREME-1	Pf3D7_02_v3:799423-799923	14.62	tp	1
motif.html	1-GAAGAAAATGAAGAW	STREME-1	Pf3D7_08_v3:599420-599920	14.59	fp	0
motif.html	1-GAAGAAAATGAAGAW	STREME-1	Pf3D7_04_v3:803484-803984	14.57	fp	0
motif.html	1-GAAGAAAATGAAGAW	STREME-1	Pf3D7_14_v3:2428381-2428881	14.55	fp	0
motif.html	1-GAAGAAAATGAAGAW	STREME-1	Pf3D7_13_v3:537543-538043	14.46	tp	0
motif.html	1-GAAGAAAATGAAGAW	STREME-1	Pf3D7_06_v3:923338-923838	14.46	fp	0
motif.html	1-GAAGAAAATGAAGAW	STREME-1	Pf3D7_03_v3:183156-183656	14.46	fp	0
motif.html	1-GAAGAAAATGAAGAW	STREME-1	Pf3D7_10_v3:397657-398157	14.30	fp	0
motif.html	1-GAAGAAAATGAAGAW	STREME-1	Pf3D7_06_v3:355217-355717	14.29	tp	0
motif.html	1-GAAGAAAATGAAGAW	STREME-1	Pf3D7_11_v3:1312818-1313318	14.15	fp	0
motif.html	1-GAAGAAAATGAAGAW	STREME-1	Pf3D7_14_v3:2528458-2528958	14.13	fp	0
motif.html	1-GAAGAAAATGAAGAW	STREME-1	Pf3D7_10_v3:1221208-1221708	14.08	fp	0
motif.html	1-GAAGAAAATGAAGAW	STREME-1	Pf3D7_09_v3:264710-265210	14.07	fp	0
motif.html	1-GAAGAAAATGAAGAW	STREME-1	Pf3D7_06_v3:852239-852739	14.04	fp	0
motif.html	1-GAAGAAAATGAAGAW	STREME-1	Pf3D7_04_v3:178405-178905	14.01	fp	0
motif.html	1-GAAGAAAATGAAGAW	STREME-1	Pf3D7_02_v3:672741-673241	13.99	tp	0
motif.html	1-GAAGAAAATGAAGAW	STREME-1	Pf3D7_14_v3:125970-126470	13.98	fp	0
motif.html	1-GAAGAAAATGAAGAW	STREME-1	Pf3D7_13_v3:319350-319850	13.95	fp	0
motif.html	1-GAAGAAAATGAAGAW	STREME-1	Pf3D7_07_v3:788248-788748	13.94	fp	0
motif.html	1-GAAGAAAATGAAGAW	STREME-1	Pf3D7_12_v3:1040476-1040976	13.94	fp	0
motif.html	1-GAAGAAAATGAAGAW	STREME-1	Pf3D7_13_v3:356888-357388	13.93	tp	0
motif.html	1-GAAGAAAATGAAGAW	STREME-1	Pf3D7_12_v3:1430921-1431421	13.90	fp	1
motif.html	1-GAAGAAAATGAAGAW	STREME-1	Pf3D7_04_v3:891845-892345	13.86	fp	0
motif.html	1-GAAGAAAATGAAGAW	STREME-1	Pf3D7_14_v3:411875-412375	13.82	fp	0
motif.html	1-GAAGAAAATGAAGAW	STREME-1	Pf3D7_14_v3:1758828-1759328	13.80	fp	0
motif.html	1-GAAGAAAATGAAGAW	STREME-1	Pf3D7_12_v3:93600-94100	13.79	tp	0
motif.html	1-GAAGAAAATGAAGAW	STREME-1	Pf3D7_09_v3:293489-293989	13.79	fp	0
motif.html	1-GAAGAAAATGAAGAW	STREME-1	Pf3D7_09_v3:1314890-1315390	13.73	fp	1
motif.html	1-GAAGAAAATGAAGAW	STREME-1	Pf3D7_05_v3:619363-619863	13.66	fp	0
motif.html	1-GAAGAAAATGAAGAW	STREME-1	Pf3D7_11_v3:1634934-1635434	13.65	tp	0
motif.html	1-GAAGAAAATGAAGAW	STREME-1	Pf3D7_12_v3:286051-286551	13.65	fp	0
motif.html	1-GAAGAAAATGAAGAW	STREME-1	Pf3D7_02_v3:168959-169459	13.58	fp	0
motif.html	1-GAAGAAAATGAAGAW	STREME-1	Pf3D7_08_v3:492677-493177	13.57	fp	0
motif.html	1-GAAGAAAATGAAGAW	STREME-1	Pf3D7_05_v3:419205-419705	13.37	tp	1
motif.html	1-GAAGAAAATGAAGAW	STREME-1	Pf3D7_07_v3:296588-297088	13.37	fp	0
motif.html	1-GAAGAAAATGAAGAW	STREME-1	Pf3D7_08_v3:674682-675182	13.35	fp	0
motif.html	1-GAAGAAAATGAAGAW	STREME-1	Pf3D7_11_v3:352523-353023	13.35	fp	0
motif.html	1-GAAGAAAATGAAGAW	STREME-1	Pf3D7_05_v3:391186-391686	13.35	fp	0
motif.html	1-GAAGAAAATGAAGAW	STREME-1	Pf3D7_06_v3:594079-594579	13.35	fp	0
motif.html	1-GAAGAAAATGAAGAW	STREME-1	Pf3D7_02_v3:354785-355285	13.34	fp	0
motif.html	1-GAAGAAAATGAAGAW	STREME-1	Pf3D7_12_v3:1042996-1043496	13.34	fp	1
motif.html	1-GAAGAAAATGAAGAW	STREME-1	Pf3D7_10_v3:706511-707011	13.28	tp	0
motif.html	1-GAAGAAAATGAAGAW	STREME-1	Pf3D7_12_v3:1579718-1580218	13.28	fp	0
motif.html	1-GAAGAAAATGAAGAW	STREME-1	Pf3D7_07_v3:201800-202300	13.19	tp	0
motif.html	1-GAAGAAAATGAAGAW	STREME-1	Pf3D7_11_v3:532950-533450	13.19	tp	1
motif.html	1-GAAGAAAATGAAGAW	STREME-1	Pf3D7_06_v3:1253429-1253929	13.18	fp	0
motif.html	1-GAAGAAAATGAAGAW	STREME-1	Pf3D7_04_v3:885404-885904	13.04	tp	0
motif.html	1-GAAGAAAATGAAGAW	STREME-1	Pf3D7_13_v3:897914-898414	12.96	fp	0
motif.html	1-GAAGAAAATGAAGAW	STREME-1	Pf3D7_06_v3:764990-765490	12.96	fp	0
motif.html	1-GAAGAAAATGAAGAW	STREME-1	Pf3D7_14_v3:2877873-2878373	12.92	tp	0
motif.html	1-GAAGAAAATGAAGAW	STREME-1	Pf3D7_07_v3:185961-186461	12.92	fp	0
motif.html	1-GAAGAAAATGAAGAW	STREME-1	Pf3D7_11_v3:454429-454929	12.88	fp	0
motif.html	1-GAAGAAAATGAAGAW	STREME-1	Pf3D7_03_v3:805434-805934	12.82	fp	0
motif.html	1-GAAGAAAATGAAGAW	STREME-1	Pf3D7_05_v3:92755-93255	12.82	fp	0
motif.html	1-GAAGAAAATGAAGAW	STREME-1	Pf3D7_11_v3:804250-804750	12.81	fp	0
motif.html	1-GAAGAAAATGAAGAW	STREME-1	Pf3D7_07_v3:1222624-1223124	12.78	tp	0
motif.html	1-GAAGAAAATGAAGAW	STREME-1	Pf3D7_01_v3:374659-375159	12.76	fp	0
motif.html	1-GAAGAAAATGAAGAW	STREME-1	Pf3D7_14_v3:1010059-1010559	12.71	fp	0
motif.html	1-GAAGAAAATGAAGAW	STREME-1	Pf3D7_12_v3:697666-698166	12.68	fp	0
motif.html	1-GAAGAAAATGAAGAW	STREME-1	Pf3D7_13_v3:790168-790668	12.68	fp	0
motif.html	1-GAAGAAAATGAAGAW	STREME-1	Pf3D7_02_v3:725207-725707	12.68	fp	0
motif.html	1-GAAGAAAATGAAGAW	STREME-1	Pf3D7_13_v3:259966-260466	12.64	fp	0
motif.html	1-GAAGAAAATGAAGAW	STREME-1	Pf3D7_13_v3:1074148-1074648	12.63	tp	1
motif.html	1-GAAGAAAATGAAGAW	STREME-1	Pf3D7_13_v3:2704415-2704915	12.56	fp	0
motif.html	1-GAAGAAAATGAAGAW	STREME-1	Pf3D7_05_v3:43783-44283	12.54	fp	0
motif.html	1-GAAGAAAATGAAGAW	STREME-1	Pf3D7_14_v3:478184-478684	12.52	fp	0
motif.html	1-GAAGAAAATGAAGAW	STREME-1	Pf3D7_10_v3:1456696-1457196	12.52	fp	0
motif.html	1-GAAGAAAATGAAGAW	STREME-1	Pf3D7_12_v3:325234-325734	12.50	fp	0
motif.html	1-GAAGAAAATGAAGAW	STREME-1	Pf3D7_12_v3:741856-742356	12.38	fp	1
motif.html	1-GAAGAAAATGAAGAW	STREME-1	Pf3D7_10_v3:1507826-1508326	12.38	tp	0
motif.html	1-GAAGAAAATGAAGAW	STREME-1	Pf3D7_05_v3:88102-88602	12.36	fp	0
motif.html	1-GAAGAAAATGAAGAW	STREME-1	Pf3D7_14_v3:2094487-2094987	12.31	fp	0
motif.html	1-GAAGAAAATGAAGAW	STREME-1	Pf3D7_14_v3:2772165-2772665	12.28	fp	0
motif.html	1-GAAGAAAATGAAGAW	STREME-1	Pf3D7_11_v3:388850-389350	12.27	fp	0
motif.html	1-GAAGAAAATGAAGAW	STREME-1	Pf3D7_11_v3:1953572-1954072	12.16	fp	0
motif.html	1-GAAGAAAATGAAGAW	STREME-1	Pf3D7_10_v3:1463977-1464477	12.07	tp	0
motif.html	1-GAAGAAAATGAAGAW	STREME-1	Pf3D7_13_v3:2513807-2514307	12.03	tp	0
motif.html	1-GAAGAAAATGAAGAW	STREME-1	Pf3D7_09_v3:87015-87515	12.03	fp	0
motif.html	1-GAAGAAAATGAAGAW	STREME-1	Pf3D7_07_v3:938310-938810	11.98	fp	0
motif.html	1-GAAGAAAATGAAGAW	STREME-1	Pf3D7_05_v3:413170-413670	11.97	fp	0
motif.html	1-GAAGAAAATGAAGAW	STREME-1	Pf3D7_13_v3:902745-903245	11.89	tp	0
motif.html	1-GAAGAAAATGAAGAW	STREME-1	Pf3D7_11_v3:1624557-1625057	11.87	tp	0
motif.html	1-GAAGAAAATGAAGAW	STREME-1	Pf3D7_03_v3:257144-257644	11.84	fp	0
motif.html	1-GAAGAAAATGAAGAW	STREME-1	Pf3D7_02_v3:195661-196161	11.83	tp	0
motif.html	1-GAAGAAAATGAAGAW	STREME-1	Pf3D7_06_v3:855174-855674	11.82	fp	0
motif.html	1-GAAGAAAATGAAGAW	STREME-1	Pf3D7_07_v3:906260-906760	11.80	tp	0
motif.html	1-GAAGAAAATGAAGAW	STREME-1	Pf3D7_07_v3:407112-407612	11.77	fp	0
motif.html	1-GAAGAAAATGAAGAW	STREME-1	Pf3D7_03_v3:427586-428086	11.76	fp	0
motif.html	1-GAAGAAAATGAAGAW	STREME-1	Pf3D7_13_v3:1927579-1928079	11.76	fp	1
motif.html	1-GAAGAAAATGAAGAW	STREME-1	Pf3D7_11_v3:1956661-1957161	11.73	fp	0
motif.html	1-GAAGAAAATGAAGAW	STREME-1	Pf3D7_10_v3:234060-234560	11.70	fp	0
motif.html	1-GAAGAAAATGAAGAW	STREME-1	Pf3D7_04_v3:420329-420829	11.70	fp	0
motif.html	1-GAAGAAAATGAAGAW	STREME-1	Pf3D7_03_v3:664501-665001	11.68	fp	0
motif.html	1-GAAGAAAATGAAGAW	STREME-1	Pf3D7_09_v3:228739-229239	11.65	fp	0
motif.html	1-GAAGAAAATGAAGAW	STREME-1	Pf3D7_11_v3:1187131-1187631	11.60	tp	0
motif.html	1-GAAGAAAATGAAGAW	STREME-1	Pf3D7_11_v3:1197432-1197932	11.53	tp	0
motif.html	1-GAAGAAAATGAAGAW	STREME-1	Pf3D7_13_v3:2312562-2313062	11.53	fp	0
motif.html	1-GAAGAAAATGAAGAW	STREME-1	Pf3D7_14_v3:1990052-1990552	11.51	fp	0
motif.html	1-GAAGAAAATGAAGAW	STREME-1	Pf3D7_12_v3:201690-202190	11.51	fp	0
motif.html	1-GAAGAAAATGAAGAW	STREME-1	Pf3D7_10_v3:1041461-1041961	11.49	fp	0
motif.html	1-GAAGAAAATGAAGAW	STREME-1	Pf3D7_10_v3:1255193-1255693	11.46	fp	0
motif.html	1-GAAGAAAATGAAGAW	STREME-1	Pf3D7_05_v3:766457-766957	11.45	fp	0
motif.html	1-GAAGAAAATGAAGAW	STREME-1	Pf3D7_10_v3:244698-245198	11.43	fp	0
motif.html	1-GAAGAAAATGAAGAW	STREME-1	Pf3D7_05_v3:276054-276554	11.41	tp	0
motif.html	1-GAAGAAAATGAAGAW	STREME-1	Pf3D7_08_v3:586156-586656	11.37	fp	0
motif.html	1-GAAGAAAATGAAGAW	STREME-1	Pf3D7_05_v3:437389-437889	11.37	fp	0
motif.html	1-GAAGAAAATGAAGAW	STREME-1	Pf3D7_12_v3:1141546-1142046	11.33	fp	0
motif.html	1-GAAGAAAATGAAGAW	STREME-1	Pf3D7_14_v3:2378833-2379333	11.27	fp	0
motif.html	1-GAAGAAAATGAAGAW	STREME-1	Pf3D7_14_v3:784765-785265	11.24	fp	0
motif.html	1-GAAGAAAATGAAGAW	STREME-1	Pf3D7_12_v3:478006-478506	11.20	fp	0
motif.html	1-GAAGAAAATGAAGAW	STREME-1	Pf3D7_12_v3:257041-257541	11.18	fp	1
motif.html	1-GAAGAAAATGAAGAW	STREME-1	Pf3D7_01_v3:279275-279775	11.04	fp	0
motif.html	1-GAAGAAAATGAAGAW	STREME-1	Pf3D7_09_v3:1093781-1094281	11.04	fp	0
motif.html	1-GAAGAAAATGAAGAW	STREME-1	Pf3D7_07_v3:168590-169090	11.01	fp	0
motif.html	1-GAAGAAAATGAAGAW	STREME-1	Pf3D7_12_v3:1362901-1363401	10.99	fp	0
motif.html	1-GAAGAAAATGAAGAW	STREME-1	Pf3D7_03_v3:816513-817013	10.98	fp	0
motif.html	1-GAAGAAAATGAAGAW	STREME-1	Pf3D7_07_v3:923071-923571	10.95	tp	1
